{
  "mode": "peak",
  "ratio": {
    "x_left": 0.35,
    "x_right": 0.65,
    "y_top": 0.7,
    "y_bottom": 1.1539999999999884
  },
  "peak": {
    "x_center": 0.5,
    "half_width": 0.060000000000000005,
    "top_offset_px": -2,
    "bottom_offset_px": 29
  }
}